Workbook

Sheet Summary
A1: NORTHERN FASHION LIMITED
A3: Cutting, Print, Embroidery, Input Production Report ( Month Of September '2026)
A5: Production Date:17.09.26 | G5: Report Date :18.09.2026
A7: AT A GLANCE | B7: SL NO | C7: Buyer Name | D7: Style Qty | E7: Total Ord. Qty | F7: Total Cting .Qty | G7: Total Cting Blance .Qty | H7: Total Inp .Qty | I7: Total Inp Blance.Qty
B8: 1 | C8: Forever New Ching PTY ltd | D8: 2 | E8: 13814 | F8: =#REF! -> #REF! | G8: =F8-E8 -> #REF! | H8: =#REF! -> #REF! | I8: =H8-F8 -> #REF!
B9: 2 | C9: GBX Trading ( Splash ) | D9: 1 | E9: 27930 | F9: =#REF! -> #REF! | G9: =F9-E9 -> #REF! | H9: =#REF! -> #REF! | I9: =H9-F9 -> #REF!
B10: 3 | C10: Best Corporation ( BigW ) | D10: 7 | E10: 35000 | F10: =#REF! -> #REF! | H10: =#REF! -> #REF! | I10: =H10-F10 -> #REF!
B11: 4 | C11: Li & Fung.Lojas Renner | D11: 18 | E11: 224918 | F11: =#REF! -> #REF! | G11: =F11-E11 -> #REF! | H11: =#REF! -> #REF! | I11: =H11-F11 -> #REF!
B12: 5 | C12: GBX Trading ( New Look ) | D12: 21 | E12: 120253 | F12: =#REF! -> #REF! | G12: =F12-E12 -> #REF! | H12: =#REF! -> #REF! | I12: =H12-F12 -> #REF!
B13: 6 | C13: Gruppocion ( + Upim) Grils | D13: 1 | E13: 3060 | F13: =#REF! -> #REF! | G13: =F13-E13 -> #REF! | H13: =#REF! -> #REF! | I13: =H13-F13 -> #REF!
B14: 7 | C14: ( Spa ) Girls | D14: 2 | E14: 40316 | F14: =#REF! -> #REF! | G14: =F14-E14 -> #REF! | H14: =#REF! -> #REF! | I14: =H14-F14 -> #REF!
B15: 8 | C15: Lager 157 AB | D15: 9 | E15: 127207 | F15: =#REF! -> #REF! | G15: =F15-E15 -> #REF! | H15: =#REF! -> #REF! | I15: =H15-F15 -> #REF!
B16: 9 | C16: United Textile Group ( U T G ) ( Zalando) | D16: 55 | E16: 424200 | F16: =#REF! -> #REF! | G16: =F16-E16 -> #REF! | H16: =#REF! -> #REF! | I16: =H16-F16 -> #REF!
B17: 10 | C17: United Textile Group ( U T G ) ( Olet) | D17: 12 | E17: 22000 | F17: =#REF! -> #REF! | G17: =F17-E17 -> #REF! | H17: =#REF! -> #REF! | I17: =H17-F17 -> #REF!
B18: 11 | C18: Best Seller | D18: =5+8+56 -> 69 | E18: =10690+22088+168399 -> 201177 | F18: =#REF! -> #REF! | G18: =F18-E18 -> #REF! | H18: =#REF! -> #REF! | I18: =H18-F18 -> #REF!
B19: G.Total : | D19: =SUM(D8:D18) -> 197 | E19: =SUM(E8:E18) -> 1239875 | F19: =SUM(F8:F18) -> #REF! | G19: =SUM(G8:G18) -> #REF! | H19: =SUM(H8:H18) -> #REF! | I19: =SUM(I8:I18) -> #REF!
D35: Today Cutting | F35: ='Production '!L2258 -> 59025
D36: Month Of September G : Total Cutting | F36: =54864+47515+49192+53263+61506+54059+67005+60402+57638+58219+55736+60606+56662 -> 736667
D37: Month Of September Working Day | F37: 13
D38: Month Of September Avarage Cutting | F38: =F36/F37 -> 56666.692
D39: G: Total Cutting | F39: ='Production '!M2258 -> 2043097
D40: G.total W.I.P. | F40: ='Production '!X2258 -> -537967
D41: Today Inp (Sewing) | F41: ='Production '!V2258 -> 43847
D42: G.Total Inp (Sewing) | F42: ='Production '!W2258 -> 1505130
D43: Worker Present
D44: Staff Present | F44: 35
A54: Prepared By | D54: Ct : Officer / Incharg | H54: Cting Manager

Sheet Production 
B1: NORTHERN FASHION LIMITTED
B2: Buyer & Style Wise Daily Cutting, Input & Print Production Summary
B3: Production Date: | D3: 17.09.26 | V3: Report Date : | X3: 18.09.26
B4: Buyer Name | C4: Job No | D4: Style | E4: Color | F4: Ord . Qty | G4: T& A Plan ( Deying ) | H4: Cutting T & A Plan | J4: Sewing Floor | K4: Ship Date | L4: Today Cutting | M4: Total Cutting | N4: Cutting Balance | O4: First Print Sent Date | P4: Today Print Sent | Q4: Total Print Send | R4: Today Print Rcvd | S4: Total Print Recv | T4: Print Balance | U4: Total Ready for Input | V4: Today Input | W4: Total Inp | X4: Inp Balance | Y4: Print/Emb | Z4: Factory Name | AA4: Schedule Close Date | AB4: Remarks | AC4: Reason of short | AD4: Present status | AE4: Cut Bal % | AG4: Cut Bal | AH4: Print Rcv short | AI4: Inout short
H5: Start | I5: End
B6: -New Look | C6: 48553 | D6: 9686355 | E6: 41 Navy | F6: 890 | N6: =M6-F6 -> -890 | T6: =S6-Q6 -> 0 | U6: =IF(Q6>0,S6-W6,M6-W6) -> 0 | X6: =W6-M6 -> 0 | AE6: =N6/F6 -> -1 | AG6: =IF(N6<0,N6,0) -> -890 | AH6: =(S6-F6)/F6 -> -1 | AI6: =(W6-F6)/F6 -> -1
B7: -New Look | C7: 48553 | E7: 4 Mid Grey | F7: 1110 | N7: =M7-F7 -> -1110 | T7: =S7-Q7 -> 0 | U7: =IF(Q7>0,S7-W7,M7-W7) -> 0 | X7: =W7-M7 -> 0 | AE7: =N7/F7 -> -1 | AG7: =IF(N7<0,N7,0) -> -1110 | AH7: =(S7-F7)/F7 -> -1 | AI7: =(W7-F7)/F7 -> -1
A8: Sub Total | B8: -New Look | F8: =SUM(F6:F7) -> 2000 | J8: S3 | K8: 26.09.26 | L8: =SUM(L6:L7) -> 0 | M8: =SUM(M6:M7) -> 0 | N8: =SUM(N6:N7) -> -2000 | P8: =SUM(P6:P7) -> 0 | Q8: =SUM(Q6:Q7) -> 0 | R8: =SUM(R6:R7) -> 0 | S8: =SUM(S6:S7) -> 0 | T8: =SUM(T6:T7) -> 0 | U8: =SUM(U6:U7) -> 0 | V8: =SUM(V6:V7) -> 0 | W8: =SUM(W6:W7) -> 0 | X8: =SUM(X6:X7) -> 0 | AE8: =N8/F8 -> -1 | AG8: =IF(N8<0,N8,0) -> -2000 | AH8: =(S8-F8)/F8 -> -1 | AI8: =(W8-F8)/F8 -> -1
B9: -New Look | C9: 48551 1st | D9: 9686529 | E9: Pink Pattern | F9: 5350 | N9: =M9-F9 -> -5350 | T9: =S9-Q9 -> 0 | U9: =IF(Q9>0,S9-W9,M9-W9) -> 0 | X9: =W9-M9 -> 0 | AE9: =N9/F9 -> -1 | AG9: =IF(N9<0,N9,0) -> -5350 | AH9: =(S9-F9)/F9 -> -1 | AI9: =(W9-F9)/F9 -> -1
A10: Sub Total | B10: -New Look | F10: =SUM(F9:F9) -> 5350 | J10: S3 | K10: 26.09.26 | L10: =SUM(L9:L9) -> 0 | M10: =SUM(M9:M9) -> 0 | N10: =SUM(N9:N9) -> -5350 | P10: =SUM(P9:P9) -> 0 | Q10: =SUM(Q9:Q9) -> 0 | R10: =SUM(R9:R9) -> 0 | S10: =SUM(S9:S9) -> 0 | T10: =SUM(T9:T9) -> 0 | U10: =SUM(U9:U9) -> 0 | V10: =SUM(V9:V9) -> 0 | W10: =SUM(W9:W9) -> 0 | X10: =SUM(X9:X9) -> 0 | Y10: P | Z10: NFL | AE10: =N10/F10 -> -1 | AG10: =IF(N10<0,N10,0) -> -5350 | AH10: =(S10-F10)/F10 -> -1 | AI10: =(W10-F10)/F10 -> -1
B11: G.Total (GBX New Look) >>> | F11: =+F10+F8 -> 7350 | L11: =+L10+L8 -> 0 | M11: =+M10+M8 -> 0 | N11: =+N10+N8 -> -7350 | P11: =+P10+P8 -> 0 | Q11: =+Q10+Q8 -> 0 | R11: =+R10+R8 -> 0 | S11: =+S10+S8 -> 0 | T11: =+T10+T8 -> 0 | U11: =+U10+U8 -> 0 | V11: =+V10+V8 -> 0 | W11: =+W10+W8 -> 0 | X11: =+X10+X8 -> 0 | AE11: =N11/F11 -> -1 | AG11: =IF(N11<0,N11,0) -> -7350 | AH11: =(S11-F11)/F11 -> -1 | AI11: =(W11-F11)/F11 -> -1
B12: Guess | C12: 46594 | D12: Q6VPA6K6618 | E12: Luxe Pink | F12: 2310 | M12: =1032+924+456 -> 2412 | N12: =M12-F12 -> 102 | T12: =S12-Q12 -> 0 | U12: =IF(Q12>0,S12-W12,M12-W12) -> 55 | W12: =1005+1352 -> 2357 | X12: =+W12-M12 -> -55 | AE12: =N12/F12 -> 0.044155844 | AG12: =IF(N12<0,N12,0) -> 0 | AH12: =(S12-F12)/F12 -> -1 | AI12: =(W12-F12)/F12 -> 0.02034632
B13: Guess | C13: 46594 | E13: Jet Black | F13: 2712 | M13: =480+432+246+924+669 -> 2751 | N13: =M13-F13 -> 39 | T13: =S13-Q13 -> 0 | U13: =IF(Q13>0,S13-W13,M13-W13) -> 12 | W13: =2271+468 -> 2739 | X13: =+W13-M13 -> -12 | AE13: =N13/F13 -> 0.014380531 | AG13: =IF(N13<0,N13,0) -> 0 | AH13: =(S13-F13)/F13 -> -1 | AI13: =(W13-F13)/F13 -> 0.0099557522
B14: Guess | C14: 46594 | E14: Pure White | F14: 2200 | M14: =432+1032+804+36 -> 2304 | N14: =M14-F14 -> 104 | T14: =S14-Q14 -> 0 | U14: =IF(Q14>0,S14-W14,M14-W14) -> 0 | W14: 2304 | X14: =+W14-M14 -> 0 | AE14: =N14/F14 -> 0.047272727 | AG14: =IF(N14<0,N14,0) -> 0 | AH14: =(S14-F14)/F14 -> -1 | AI14: =(W14-F14)/F14 -> 0.047272727
B15: Guess | C15: 46594 | E15: Peasley Beige | F15: 1900 | M15: =708+1260 -> 1968 | N15: =M15-F15 -> 68 | T15: =S15-Q15 -> 0 | U15: =IF(Q15>0,S15-W15,M15-W15) -> 0 | W15: 1968 | X15: =+W15-M15 -> 0 | AE15: =N15/F15 -> 0.035789474 | AG15: =IF(N15<0,N15,0) -> 0 | AH15: =(S15-F15)/F15 -> -1 | AI15: =(W15-F15)/F15 -> 0.035789474
A16: Sub Total | B16: Guess | F16: =SUM(F12:F15) -> 9122 | J16: S1 | K16: 09.03.26 | L16: =SUM(L12:L15) -> 0 | M16: =SUM(M12:M15) -> 9435 | N16: =SUM(N12:N15) -> 313 | P16: =SUM(P12:P15) -> 0 | Q16: =SUM(Q12:Q15) -> 0 | R16: =SUM(R12:R15) -> 0 | S16: =SUM(S12:S15) -> 0 | T16: =SUM(T12:T15) -> 0 | U16: =IF(Q16>0,S16-W16,M16-W16) -> 67 | V16: =SUM(V12:V15) -> 0 | W16: =SUM(W12:W15) -> 9368 | X16: =SUM(X12:X15) -> -67 | AE16: =N16/F16 -> 0.034312651 | AG16: =IF(N16<0,N16,0) -> 0 | AH16: =(S16-F16)/F16 -> -1 | AI16: =(W16-F16)/F16 -> 0.02696777
B17: G.Total (GBX New Look) >>> | F17: =+F16 -> 9122 | L17: =+L16 -> 0 | M17: =+M16 -> 9435 | N17: =+N16 -> 313 | P17: =+P16 -> 0 | Q17: =+Q16 -> 0 | R17: =+R16 -> 0 | S17: =+S16 -> 0 | T17: =+T16 -> 0 | U17: =IF(Q17>0,S17-W17,M17-W17) -> 67 | V17: =+V16 -> 0 | W17: =+W16 -> 9368 | X17: =+X16 -> -67 | AE17: =N17/F17 -> 0.034312651 | AG17: =IF(N17<0,N17,0) -> 0 | AH17: =(S17-F17)/F17 -> -1 | AI17: =(W17-F17)/F17 -> 0.02696777
B18: Sainsbury's | C18: 47437 | D18: 148278404 | E18: Red | F18: 15144 | M18: =504+1272+1456+800+480+624+1688+1816+1480+704+1288+1328+408+1671 -> 15519 | N18: =M18-F18 -> 375 | Q18: =504+960+1272+800+1104+480+1621+1336+496+536+456+488+1288+1112+1328+1671+67 -> 15519 | S18: =18+844+1042+1125+1024+1088+1045+939+1098+751+1052+1133+978+1010+1060+1312 -> 15519 | T18: =S18-Q18 -> 0 | U18: =IF(Q18>0,S18-W18,M18-W18) -> 75 | W18: =1196+1159+1527+429+832+752+2805+1364+2315+2339+726 -> 15444 | X18: =+W18-M18 -> -75 | AE18: =N18/F18 -> 0.024762282 | AG18: =IF(N18<0,N18,0) -> 0 | AH18: =(S18-F18)/F18 -> 0.024762282 | AI18: =(W18-F18)/F18 -> 0.019809826
A19: Sub Total | B19: Sainsbury's | F19: =SUM(F18:F18) -> 15144 | J19: S3 | K19: 27.06.26 | L19: =SUM(L18:L18) -> 0 | M19: =SUM(M18:M18) -> 15519 | N19: =SUM(N18:N18) -> 375 | O19: 16.06.26 | P19: =SUM(P18:P18) -> 0 | Q19: =SUM(Q18:Q18) -> 15519 | R19: =SUM(R18:R18) -> 0 | S19: =SUM(S18:S18) -> 15519 | T19: =SUM(T18:T18) -> 0 | U19: =IF(Q19>0,S19-W19,M19-W19) -> 75 | V19: =SUM(V18:V18) -> 0 | W19: =SUM(W18:W18) -> 15444 | X19: =SUM(X18:X18) -> -75 | Y19: P+E | Z19: NFL | AE19: =N19/F19 -> 0.024762282 | AG19: =IF(N19<0,N19,0) -> 0 | AH19: =(S19-F19)/F19 -> 0.024762282 | AI19: =(W19-F19)/F19 -> 0.019809826
B20: G.Total (GBX Sainsburys >>> | F20: =+F19 -> 15144 | L20: =+L19 -> 0 | M20: =+M19 -> 15519 | N20: =+N19 -> 375 | P20: =+P19 -> 0 | Q20: =+Q19 -> 15519 | R20: =+R19 -> 0 | S20: =+S19 -> 15519 | T20: =+T19 -> 0 | U20: =IF(Q20>0,S20-W20,M20-W20) -> 75 | V20: =+V19 -> 0 | W20: =+W19 -> 15444 | X20: =+X19 -> -75 | AE20: =N20/F20 -> 0.024762282 | AG20: =IF(N20<0,N20,0) -> 0 | AH20: =(S20-F20)/F20 -> 0.024762282 | AI20: =(W20-F20)/F20 -> 0.019809826
B21: Maurices | C21: 48245 2nd | D21: 2524991/4704991 | E21: White+Black y/d | F21: 5346 | M21: =432+300+584+616+528+600+538+252+826+670 -> 5346 | N21: =M21-F21 -> 0 | T21: =S21-Q21 -> 0 | U21: =IF(Q21>0,S21-W21,M21-W21) -> 75 | W21: 5271 | X21: =+W21-M21 -> -75 | AE21: =N21/F21 -> 0 | AG21: =IF(N21<0,N21,0) -> 0 | AH21: =(S21-F21)/F21 -> -1 | AI21: =(W21-F21)/F21 -> -0.014029181
B22: Maurices | C22: 48245 2nd | E22: Twilight Mave y/d | F22: 7028 | M22: =348+408+688+2404+1220+540+500+920 -> 7028 | N22: =M22-F22 -> 0 | T22: =S22-Q22 -> 0 | U22: =IF(Q22>0,S22-W22,M22-W22) -> 200 | W22: =1341+2359+3128 -> 6828 | X22: =+W22-M22 -> -200 | AE22: =N22/F22 -> 0 | AG22: =IF(N22<0,N22,0) -> 0 | AH22: =(S22-F22)/F22 -> -1 | AI22: =(W22-F22)/F22 -> -0.028457598
A23: Sub Total | B23: Maurices | F23: =SUM(F21:F22) -> 12374 | I23: NC | J23: S3 | K23: 25.08.26 | L23: =SUM(L21:L22) -> 0 | M23: =SUM(M21:M22) -> 12374 | N23: =SUM(N21:N22) -> 0 | P23: =SUM(P21:P22) -> 0 | Q23: =SUM(Q21:Q22) -> 0 | R23: =SUM(R21:R22) -> 0 | S23: =SUM(S21:S22) -> 0 | T23: =SUM(T21:T22) -> 0 | U23: =SUM(U21:U22) -> 275 | V23: =SUM(V21:V22) -> 0 | W23: =SUM(W21:W22) -> 12099 | X23: =SUM(X21:X22) -> -275 | AE23: =N23/F23 -> 0 | AG23: =IF(N23<0,N23,0) -> 0 | AH23: =(S23-F23)/F23 -> -1 | AI23: =(W23-F23)/F23 -> -0.022224018
B24: Left Over | C24: Left Over | E24: Dark Sapphire | F24: 408 | M24: =408 -> 408 | N24: =M24-F24 -> 0 | T24: =S24-Q24 -> 0 | U24: =IF(Q24>0,S24-W24,M24-W24) -> 25 | W24: 383 | X24: =+W24-M24 -> -25 | AE24: =N24/F24 -> 0 | AG24: =IF(N24<0,N24,0) -> 0 | AH24: =(S24-F24)/F24 -> -1 | AI24: =(W24-F24)/F24 -> -0.06127451
A25: Sub Total | B25: Left Over | F25: =SUM(F24:F24) -> 408 | J25: S3 | L25: =SUM(L24:L24) -> 0 | M25: =SUM(M24:M24) -> 408 | N25: =SUM(N24:N24) -> 0 | P25: =SUM(P24:P24) -> 0 | Q25: =SUM(Q24:Q24) -> 0 | R25: =SUM(R24:R24) -> 0 | S25: =SUM(S24:S24) -> 0 | T25: =SUM(T24:T24) -> 0 | U25: =IF(Q25>0,S25-W25,M25-W25) -> 25 | V25: =SUM(V24:V24) -> 0 | W25: =SUM(W24:W24) -> 383 | X25: =SUM(X24:X24) -> -25 | AE25: =N25/F25 -> 0 | AG25: =IF(N25<0,N25,0) -> 0 | AH25: =(S25-F25)/F25 -> -1 | AI25: =(W25-F25)/F25 -> -0.06127451
B26: BS-NMT | C26: 43319 21th | D26: 13238718 | E26: Black+White y/d-Top | F26: =440+840 -> 1280 | M26: =440+840 -> 1280 | N26: =M26-F26 -> 0 | Q26: =425+821+10+11 -> 1267 | S26: =1256+11 -> 1267 | T26: =S26-Q26 -> 0 | U26: =IF(Q26>0,S26-W26,M26-W26) -> 0 | W26: 1267 | X26: =+W26-M26 -> -13 | AE26: =N26/F26 -> 0 | AG26: =IF(N26<0,N26,0) -> 0 | AH26: =(S26-F26)/F26 -> -0.01015625 | AI26: =(W26-F26)/F26 -> -0.01015625
B27: BS-NMT | C27: 43319 21th | E27: Evening Blue-Top | F27: 2238 | M27: =742+1400+96 -> 2238 | N27: =M27-F27 -> 0 | Q27: =742+1400+96 -> 2238 | S27: 2235 | T27: =S27-Q27 -> -3 | U27: =IF(Q27>0,S27-W27,M27-W27) -> 1 | W27: 2234 | X27: =+W27-M27 -> -4 | AE27: =N27/F27 -> 0 | AG27: =IF(N27<0,N27,0) -> 0 | AH27: =(S27-F27)/F27 -> -0.0013404826 | AI27: =(W27-F27)/F27 -> -0.0017873101
B28: BS-NMT | C28: 43319 21th | E28: Cloud Dancer-Top | F28: 600 | M28: 600 | N28: =M28-F28 -> 0 | Q28: =600 -> 600 | S28: =583 -> 583 | T28: =S28-Q28 -> -17 | U28: =IF(Q28>0,S28-W28,M28-W28) -> 583 | X28: =+W28-M28 -> -600 | AE28: =N28/F28 -> 0 | AG28: =IF(N28<0,N28,0) -> 0 | AH28: =(S28-F28)/F28 -> -0.028333333 | AI28: =(W28-F28)/F28 -> -1
A29: Sub Total | B29: Left Over | F29: =SUM(F26:F28) -> 4118 | J29: S3 | L29: =SUM(L26:L28) -> 0 | M29: =SUM(M26:M28) -> 4118 | N29: =SUM(N26:N28) -> 0 | O29: 26.08.26 | P29: =SUM(P26:P28) -> 0 | Q29: =SUM(Q26:Q28) -> 4105 | R29: =SUM(R26:R28) -> 0 | S29: =SUM(S26:S28) -> 4085 | T29: =SUM(T26:T28) -> -20 | U29: =SUM(U26:U28) -> 584 | V29: =SUM(V26:V28) -> 0 | W29: =SUM(W26:W28) -> 3501 | X29: =SUM(X26:X28) -> -617 | Y29: P | Z29: NFL | AE29: =N29/F29 -> 0 | AG29: =IF(N29<0,N29,0) -> 0 | AH29: =(S29-F29)/F29 -> -0.0080135988 | AI29: =(W29-F29)/F29 -> -0.14983001
B30: BS-NMT | C30: 41831 8th | D30: 13239415 | E30: Black+White y/d-Pant | F30: 8434 | M30: =2238+976+1620+476+748+436+340+1600 -> 8434 | N30: =M30-F30 -> 0 | Q30: =2238+968+1610+476+1157+1585 -> 8034 | S30: =2208+3048+1155+1583 -> 7994 | T30: =S30-Q30 -> -40 | U30: =IF(Q30>0,S30-W30,M30-W30) -> 2742 | W30: =5252 -> 5252 | X30: =+W30-M30 -> -3182 | AE30: =N30/F30 -> 0 | AG30: =IF(N30<0,N30,0) -> 0 | AH30: =(S30-F30)/F30 -> -0.052169789 | AI30: =(W30-F30)/F30 -> -0.37728243
B31: BS-NMT | C31: 41831 8th | E31: Black-Pant | F31: 2496 | M31: 2496 | N31: =M31-F31 -> 0 | Q31: 2454 | S31: 2451 | T31: =S31-Q31 -> -3 | U31: =IF(Q31>0,S31-W31,M31-W31) -> 10 | W31: 2441 | X31: =+W31-M31 -> -55 | AE31: =N31/F31 -> 0 | AG31: =IF(N31<0,N31,0) -> 0 | AH31: =(S31-F31)/F31 -> -0.018028846 | AI31: =(W31-F31)/F31 -> -0.022035256
B32: BS-NMT | C32: 41831 8th | E32: Cloud Dancer-Pant | F32: 816 | M32: 816 | N32: =M32-F32 -> 0 | Q32: =256+530 -> 786 | S32: =256+528 -> 784 | T32: =S32-Q32 -> -2 | U32: =IF(Q32>0,S32-W32,M32-W32) -> 784 | X32: =+W32-M32 -> -816 | AE32: =N32/F32 -> 0 | AG32: =IF(N32<0,N32,0) -> 0 | AH32: =(S32-F32)/F32 -> -0.039215686 | AI32: =(W32-F32)/F32 -> -1
B33: BS-NMT | C33: 41831 8th | E33: Red-Pant | F33: 2888 | M33: =1576+500+812 -> 2888 | N33: =M33-F33 -> 0 | Q33: =1576+796+294 -> 2666 | S33: =1870+796 -> 2666 | T33: =S33-Q33 -> 0 | U33: =IF(Q33>0,S33-W33,M33-W33) -> 2666 | X33: =+W33-M33 -> -2888 | AE33: =N33/F33 -> 0 | AG33: =IF(N33<0,N33,0) -> 0 | AH33: =(S33-F33)/F33 -> -0.076869806 | AI33: =(W33-F33)/F33 -> -1
A34: Sub Total | B34: Left Over | F34: =SUM(F30:F33) -> 14634 | J34: S3 | L34: =SUM(L30:L33) -> 0 | M34: =SUM(M30:M33) -> 14634 | N34: =SUM(N30:N33) -> 0 | O34: 27.08.26 | P34: =SUM(P30:P33) -> 0 | Q34: =SUM(Q30:Q33) -> 13940 | R34: =SUM(R30:R33) -> 0 | S34: =SUM(S30:S33) -> 13895 | T34: =SUM(T30:T33) -> -45 | U34: =SUM(U30:U33) -> 6202 | V34: =SUM(V30:V33) -> 0 | W34: =SUM(W30:W33) -> 7693 | X34: =SUM(X30:X33) -> -6941 | Y34: P | Z34: NFL | AE34: =N34/F34 -> 0 | AG34: =IF(N34<0,N34,0) -> 0 | AH34: =(S34-F34)/F34 -> -0.050498838 | AI34: =(W34-F34)/F34 -> -0.47430641
B35: G.Total (GBX Maurice >>> | F35: =+F34+F23+F29+F25 -> 31534 | L35: =+L34+L23+L29+L25 -> 0 | M35: =+M34+M23+M29+M25 -> 31534 | N35: =+N34+N23+N29+N25 -> 0 | P35: =+P34+P23+P29+P25 -> 0 | Q35: =+Q34+Q23+Q29+Q25 -> 18045 | R35: =+R34+R23+R29+R25 -> 0 | S35: =+S34+S23+S29+S25 -> 17980 | T35: =+T34+T23+T29+T25 -> -65 | U35: =+U34+U23+U29+U25 -> 7086 | V35: =+V34+V23+V29+V25 -> 0 | W35: =+W34+W23+W29+W25 -> 23676 | X35: =+X34+X23+X29+X25 -> -7858 | AE35: =N35/F35 -> 0 | AG35: =IF(N35<0,N35,0) -> 0 | AH35: =(S35-F35)/F35 -> -0.42982178 | AI35: =(W35-F35)/F35 -> -0.24919135
B36: T.M Lewin | C36: 47721 | D36: 68663/68664/68665 | E36: Black | F36: 635 | M36: 656 | N36: =M36-F36 -> 21 | T36: =S36-Q36 -> 0 | U36: =IF(Q36>0,S36-W36,M36-W36) -> 9 | W36: 647 | X36: =+W36-M36 -> -9 | AE36: =N36/F36 -> 0.033070866 | AG36: =IF(N36<0,N36,0) -> 0 | AH36: =(S36-F36)/F36 -> -1 | AI36: =(W36-F36)/F36 -> 0.018897638
B37: T.M Lewin | C37: 47721 | E37: Pumice Stone | F37: 425 | M37: =366+78 -> 444 | N37: =M37-F37 -> 19 | T37: =S37-Q37 -> 0 | U37: =IF(Q37>0,S37-W37,M37-W37) -> 5 | W37: 439 | X37: =+W37-M37 -> -5 | AE37: =N37/F37 -> 0.044705882 | AG37: =IF(N37<0,N37,0) -> 0 | AH37: =(S37-F37)/F37 -> -1 | AI37: =(W37-F37)/F37 -> 0.032941176
B38: T.M Lewin | C38: 47721 | E38: Grey Marl | F38: 530 | M38: =228+228+96 -> 552 | N38: =M38-F38 -> 22 | T38: =S38-Q38 -> 0 | U38: =IF(Q38>0,S38-W38,M38-W38) -> 0 | W38: 552 | X38: =+W38-M38 -> 0 | AE38: =N38/F38 -> 0.041509434 | AG38: =IF(N38<0,N38,0) -> 0 | AH38: =(S38-F38)/F38 -> -1 | AI38: =(W38-F38)/F38 -> 0.041509434
A39: Sub Total | B39: T.M Lewin | F39: =SUM(F36:F38) -> 1590 | J39: S2 | K39: 10.08.26 | L39: =SUM(L36:L38) -> 0 | M39: =SUM(M36:M38) -> 1652 | N39: =SUM(N36:N38) -> 62 | P39: =SUM(P36:P38) -> 0 | Q39: =SUM(Q36:Q38) -> 0 | R39: =SUM(R36:R38) -> 0 | S39: =SUM(S36:S38) -> 0 | T39: =SUM(T36:T38) -> 0 | U39: =IF(Q39>0,S39-W39,M39-W39) -> 14 | V39: =SUM(V36:V38) -> 0 | W39: =SUM(W36:W38) -> 1638 | X39: =SUM(X36:X38) -> -14 | AE39: =N39/F39 -> 0.038993711 | AG39: =IF(N39<0,N39,0) -> 0 | AH39: =(S39-F39)/F39 -> -1 | AI39: =(W39-F39)/F39 -> 0.030188679
B40: T.M Lewin | C40: 47425 | D40: 68592 | E40: Black | F40: =1080+528 -> 1608 | M40: =1080+528 -> 1608 | N40: =M40-F40 -> 0 | Q40: =1080+528 -> 1608 | S40: =210+331+534+526 -> 1601 | T40: =S40-Q40 -> -7 | U40: =IF(Q40>0,S40-W40,M40-W40) -> 7 | W40: =1075+519 -> 1594 | X40: =+W40-M40 -> -14 | AE40: =N40/F40 -> 0 | AG40: =IF(N40<0,N40,0) -> 0 | AH40: =(S40-F40)/F40 -> -0.0043532338 | AI40: =(W40-F40)/F40 -> -0.0087064677
A41: Sub Total | B41: T.M Lewin | F41: =SUM(F40:F40) -> 1608 | J41: S2 | K41: 30.07.26 | L41: =SUM(L40:L40) -> 0 | M41: =SUM(M40:M40) -> 1608 | N41: =SUM(N40:N40) -> 0 | O41: 01.08.26 | P41: =SUM(P40:P40) -> 0 | Q41: =SUM(Q40:Q40) -> 1608 | R41: =SUM(R40:R40) -> 0 | S41: =SUM(S40:S40) -> 1601 | T41: =SUM(T40:T40) -> -7 | U41: =IF(Q41>0,S41-W41,M41-W41) -> 7 | V41: =SUM(V40:V40) -> 0 | W41: =SUM(W40:W40) -> 1594 | X41: =SUM(X40:X40) -> -14 | Y41: P | Z41: NFL | AA41: Sample | AE41: =N41/F41 -> 0 | AG41: =IF(N41<0,N41,0) -> 0 | AH41: =(S41-F41)/F41 -> -0.0043532338 | AI41: =(W41-F41)/F41 -> -0.0087064677
B42: T.M Lewin | C42: 47719 | D42: 686559 | E42: Grey Marl | F42: 430 | M42: 448 | N42: =M42-F42 -> 18 | T42: =S42-Q42 -> 0 | U42: =IF(Q42>0,S42-W42,M42-W42) -> 0 | W42: 448 | X42: =+W42-M42 -> 0 | AE42: =N42/F42 -> 0.041860465 | AG42: =IF(N42<0,N42,0) -> 0 | AH42: =(S42-F42)/F42 -> -1 | AI42: =(W42-F42)/F42 -> 0.041860465
A43: Sub Total | B43: T.M Lewin | F43: =SUM(F42:F42) -> 430 | J43: S2 | K43: 30.07.26 | L43: =SUM(L42:L42) -> 0 | M43: =SUM(M42:M42) -> 448 | N43: =SUM(N42:N42) -> 18 | P43: =SUM(P42:P42) -> 0 | Q43: =SUM(Q42:Q42) -> 0 | R43: =SUM(R42:R42) -> 0 | S43: =SUM(S42:S42) -> 0 | T43: =SUM(T42:T42) -> 0 | U43: =IF(Q43>0,S43-W43,M43-W43) -> 0 | V43: =SUM(V42:V42) -> 0 | W43: =SUM(W42:W42) -> 448 | X43: =SUM(X42:X42) -> 0 | AE43: =N43/F43 -> 0.041860465 | AG43: =IF(N43<0,N43,0) -> 0 | AH43: =(S43-F43)/F43 -> -1 | AI43: =(W43-F43)/F43 -> 0.041860465
B44: G.Total (GBX T.M Lewin >>> | F44: =+F43+F39+F41 -> 3628 | L44: =+L43+L39+L41 -> 0 | M44: =+M43+M39+M41 -> 3708 | N44: =+N43+N39+N41 -> 80 | P44: =+P43+P39+P41 -> 0 | Q44: =+Q43+Q39+Q41 -> 1608 | R44: =+R43+R39+R41 -> 0 | S44: =+S43+S39+S41 -> 1601 | T44: =+T43+T39+T41 -> -7 | U44: =U43+U41+U39 -> 21 | V44: =+V43+V39+V41 -> 0 | W44: =+W43+W39+W41 -> 3680 | X44: =+X43+X39+X41 -> -28 | AE44: =N44/F44 -> 0.022050717 | AG44: =IF(N44<0,N44,0) -> 0 | AH44: =(S44-F44)/F44 -> -0.55871003 | AI44: =(W44-F44)/F44 -> 0.014332966
B45: ANTHONY'S | C45: 47722 | D45: SPAJKT-038 | E45: Khaki | F45: 275 | M45: 287 | N45: =M45-F45 -> 12 | Q45: 275 | S45: 275 | T45: =S45-Q45 -> 0 | U45: =IF(Q45>0,S45-W45,M45-W45) -> 0 | W45: 275 | X45: =+W45-M45 -> -12 | AE45: =N45/F45 -> 0.043636364 | AG45: =IF(N45<0,N45,0) -> 0 | AH45: =(S45-F45)/F45 -> 0 | AI45: =(W45-F45)/F45 -> 0
A46: Sub Total | B46: ANIMAL | F46: =SUM(F45:F45) -> 275 | J46: S2 | K46: 30.07.26 | L46: =SUM(L45:L45) -> 0 | M46: =SUM(M45:M45) -> 287 | N46: =SUM(N45:N45) -> 12 | O46: 07.08.26 | P46: =SUM(P45:P45) -> 0 | Q46: =SUM(Q45:Q45) -> 275 | R46: =SUM(R45:R45) -> 0 | S46: =SUM(S45:S45) -> 275 | T46: =SUM(T45:T45) -> 0 | U46: =IF(Q46>0,S46-W46,M46-W46) -> 0 | V46: =SUM(V45:V45) -> 0 | W46: =SUM(W45:W45) -> 275 | X46: =SUM(X45:X45) -> -12 | Y46: P | Z46: NFL | AE46: =N46/F46 -> 0.043636364 | AG46: =IF(N46<0,N46,0) -> 0 | AH46: =(S46-F46)/F46 -> 0 | AI46: =(W46-F46)/F46 -> 0
B47: Miss Selfridge | C47: 47241 | D47: INDOMS33612 | E47: Black | F47: 1500 | M47: 1541 | N47: =M47-F47 -> 41 | T47: =S47-Q47 -> 0 | U47: =IF(Q47>0,S47-W47,M47-W47) -> 0 | W47: 1541 | X47: =+W47-M47 -> 0 | AE47: =N47/F47 -> 0.027333333 | AG47: =IF(N47<0,N47,0) -> 0 | AH47: =(S47-F47)/F47 -> -1 | AI47: =(W47-F47)/F47 -> 0.027333333
B48: Miss Selfridge | C48: 47241 | E48: Disty Pink Aop | F48: 1500 | M48: 1552 | N48: =M48-F48 -> 52 | T48: =S48-Q48 -> 0 | U48: =IF(Q48>0,S48-W48,M48-W48) -> 0 | W48: 1552 | X48: =+W48-M48 -> 0 | AE48: =N48/F48 -> 0.034666667 | AG48: =IF(N48<0,N48,0) -> 0 | AH48: =(S48-F48)/F48 -> -1 | AI48: =(W48-F48)/F48 -> 0.034666667
A49: Sub Total | B49: Miss Selfridge | F49: =SUM(F47:F48) -> 3000 | J49: S1 | K49: 15.06.26 | L49: =SUM(L47:L48) -> 0 | M49: =SUM(M47:M48) -> 3093 | N49: =SUM(N47:N48) -> 93 | P49: =SUM(P47:P48) -> 0 | Q49: =SUM(Q47:Q48) -> 0 | R49: =SUM(R47:R48) -> 0 | S49: =SUM(S47:S48) -> 0 | T49: =SUM(T47:T48) -> 0 | U49: =IF(Q49>0,S49-W49,M49-W49) -> 0 | V49: =SUM(V47:V48) -> 0 | W49: =SUM(W47:W48) -> 3093 | X49: =SUM(X47:X48) -> 0 | AE49: =N49/F49 -> 0.031 | AG49: =IF(N49<0,N49,0) -> 0 | AH49: =(S49-F49)/F49 -> -1 | AI49: =(W49-F49)/F49 -> 0.031
B50: G.Total (Miss Selfridge >>> | F50: =+F49+F46 -> 3275 | L50: =+L49+L46 -> 0 | M50: =+M49+M46 -> 3380 | N50: =+N49+N46 -> 105 | P50: =+P49+P46 -> 0 | Q50: =+Q49+Q46 -> 275 | R50: =+R49+R46 -> 0 | S50: =+S49+S46 -> 275 | T50: =+T49+T46 -> 0 | U50: =+U49+U46 -> 0 | V50: =+V49+V46 -> 0 | W50: =+W49+W46 -> 3368 | X50: =+X49+X46 -> -12 | AE50: =N50/F50 -> 0.032061069 | AG50: =IF(N50<0,N50,0) -> 0 | AH50: =(S50-F50)/F50 -> -0.91603053 | AI50: =(W50-F50)/F50 -> 0.028396947
B51: UTG | C51: 23325 17th | D51: BAD0960 | E51: Surf The Web Blue | F51: 1800 | M51: =570+285+285+699 -> 1839 | N51: =M51-F51 -> 39 | T51: =S51-Q51 -> 0 | U51: =IF(Q51>0,S51-W51,M51-W51) -> 1 | W51: 1838 | X51: =+W51-M51 -> -1 | AE51: =N51/F51 -> 0.021666667 | AG51: =IF(N51<0,N51,0) -> 0 | AH51: =(S51-F51)/F51 -> -1 | AI51: =(W51-F51)/F51 -> 0.021111111
B52: UTG | C52: 23325 17th | E52: Black | F52: 2500 | M52: =636+570+576+816 -> 2598 | N52: =M52-F52 -> 98 | T52: =S52-Q52 -> 0 | U52: =IF(Q52>0,S52-W52,M52-W52) -> 37 | W52: =2561 -> 2561 | X52: =+W52-M52 -> -37 | AE52: =N52/F52 -> 0.0392 | AG52: =IF(N52<0,N52,0) -> 0 | AH52: =(S52-F52)/F52 -> -1 | AI52: =(W52-F52)/F52 -> 0.0244
B53: UTG | C53: 23325 17th | E53: White | F53: 2200 | M53: =552+222+552+660+282 -> 2268 | N53: =M53-F53 -> 68 | T53: =S53-Q53 -> 0 | U53: =IF(Q53>0,S53-W53,M53-W53) -> 4 | W53: 2264 | X53: =+W53-M53 -> -4 | AE53: =N53/F53 -> 0.030909091 | AG53: =IF(N53<0,N53,0) -> 0 | AH53: =(S53-F53)/F53 -> -1 | AI53: =(W53-F53)/F53 -> 0.029090909
A54: Sub Total | B54: UTG | F54: =SUM(F51:F53) -> 6500 | J54: S1 | K54: 18.09.26 | L54: =SUM(L51:L53) -> 0 | M54: =SUM(M51:M53) -> 6705 | N54: =SUMIF(N51:N53,"<0") -> 0 | P54: =SUM(P51:P53) -> 0 | Q54: =SUM(Q51:Q53) -> 0 | R54: =SUM(R51:R53) -> 0 | S54: =SUM(S51:S53) -> 0 | T54: =SUM(T51:T53) -> 0 | U54: =IF(Q54>0,S54-W54,M54-W54) -> 42 | V54: =SUM(V51:V53) -> 0 | W54: =SUM(W51:W53) -> 6663 | X54: =SUM(X51:X53) -> -42 | AE54: =N54/F54 -> 0 | AG54: =IF(N54<0,N54,0) -> 0 | AH54: =(S54-F54)/F54 -> -1 | AI54: =(W54-F54)/F54 -> 0.025076923
B55: UTG | C55: 45963 11th | D55: BAD0962 | E55: Balsam Green | F55: 2500 | M55: =1088+560+952 -> 2600 | N55: =M55-F55 -> 100 | T55: =S55-Q55 -> 0 | U55: =IF(Q55>0,S55-W55,M55-W55) -> 0 | W55: 2600 | X55: =+W55-M55 -> 0 | AE55: =N55/F55 -> 0.04 | AG55: =IF(N55<0,N55,0) -> 0 | AH55: =(S55-F55)/F55 -> -1 | AI55: =(W55-F55)/F55 -> 0.04
B56: UTG | C56: 45963 11th | E56: Warm Taupe | F56: 2000 | M56: =1427+648 -> 2075 | N56: =M56-F56 -> 75 | T56: =S56-Q56 -> 0 | U56: =IF(Q56>0,S56-W56,M56-W56) -> 0 | W56: 2075 | X56: =+W56-M56 -> 0 | AE56: =N56/F56 -> 0.0375 | AG56: =IF(N56<0,N56,0) -> 0 | AH56: =(S56-F56)/F56 -> -1 | AI56: =(W56-F56)/F56 -> 0.0375
B57: UTG | C57: 45963 11th | E57: White | F57: 3500 | M57: =2025+1310+246 -> 3581 | N57: =M57-F57 -> 81 | T57: =S57-Q57 -> 0 | U57: =IF(Q57>0,S57-W57,M57-W57) -> 0 | W57: 3581 | X57: =+W57-M57 -> 0 | AE57: =N57/F57 -> 0.023142857 | AG57: =IF(N57<0,N57,0) -> 0 | AH57: =(S57-F57)/F57 -> -1 | AI57: =(W57-F57)/F57 -> 0.023142857
B58: UTG | C58: 45963 11th | E58: Laurel Wreath | F58: 1600 | M58: =720+349+300+292 -> 1661 | N58: =M58-F58 -> 61 | T58: =S58-Q58 -> 0 | U58: =IF(Q58>0,S58-W58,M58-W58) -> 0 | W58: 1661 | X58: =+W58-M58 -> 0 | AE58: =N58/F58 -> 0.038125 | AG58: =IF(N58<0,N58,0) -> 0 | AH58: =(S58-F58)/F58 -> -1 | AI58: =(W58-F58)/F58 -> 0.038125
B59: UTG | C59: 45963 11th | E59: Strom Front | F59: 1500 | M59: =664+900 -> 1564 | N59: =M59-F59 -> 64 | T59: =S59-Q59 -> 0 | U59: =IF(Q59>0,S59-W59,M59-W59) -> 0 | W59: 1564 | X59: =+W59-M59 -> 0 | AE59: =N59/F59 -> 0.042666667 | AG59: =IF(N59<0,N59,0) -> 0 | AH59: =(S59-F59)/F59 -> -1 | AI59: =(W59-F59)/F59 -> 0.042666667
B60: UTG | C60: 45963 11th | E60: Fig | F60: 1500 | M60: 1580 | N60: =M60-F60 -> 80 | T60: =S60-Q60 -> 0 | U60: =IF(Q60>0,S60-W60,M60-W60) -> 0 | W60: 1580 | X60: =+W60-M60 -> 0 | AE60: =N60/F60 -> 0.053333333 | AG60: =IF(N60<0,N60,0) -> 0 | AH60: =(S60-F60)/F60 -> -1 | AI60: =(W60-F60)/F60 -> 0.053333333
B61: UTG | C61: 45963 11th | E61: Chambray | F61: 2000 | M61: =1204+686+208 -> 2098 | N61: =M61-F61 -> 98 | T61: =S61-Q61 -> 0 | U61: =IF(Q61>0,S61-W61,M61-W61) -> 0 | W61: 2098 | X61: =+W61-M61 -> 0 | AE61: =N61/F61 -> 0.049 | AG61: =IF(N61<0,N61,0) -> 0 | AH61: =(S61-F61)/F61 -> -1 | AI61: =(W61-F61)/F61 -> 0.049
B62: UTG | C62: 45963 11th | E62: Surf The Web Blue | F62: 2200 | M62: =664+664+736+119+22+67 -> 2272 | N62: =M62-F62 -> 72 | T62: =S62-Q62 -> 0 | U62: =IF(Q62>0,S62-W62,M62-W62) -> 0 | W62: =2205+67 -> 2272 | X62: =+W62-M62 -> 0 | AE62: =N62/F62 -> 0.032727273 | AG62: =IF(N62<0,N62,0) -> 0 | AH62: =(S62-F62)/F62 -> -1 | AI62: =(W62-F62)/F62 -> 0.032727273
A63: Sub Total | B63: UTG | F63: =SUM(F55:F62) -> 16800 | J63: S3 | K63: 18.09.26 | L63: =SUM(L55:L62) -> 0 | M63: =SUM(M55:M62) -> 17431 | N63: =SUMIF(N55:N62,"<0") -> 0 | P63: =SUM(P55:P62) -> 0 | Q63: =SUM(Q55:Q62) -> 0 | R63: =SUM(R55:R62) -> 0 | S63: =SUM(S55:S62) -> 0 | T63: =SUM(T55:T62) -> 0 | U63: =IF(Q63>0,S63-W63,M63-W63) -> 0 | V63: =SUM(V55:V62) -> 0 | W63: =SUM(W55:W62) -> 17431 | X63: =SUM(X55:X62) -> 0 | AE63: =N63/F63 -> 0 | AG63: =IF(N63<0,N63,0) -> 0 | AH63: =(S63-F63)/F63 -> -1 | AI63: =(W63-F63)/F63 -> 0.037559524
B64: UTG | C64: 40675 11th | D64: BAD1546 | E64: Black | F64: 2000 | M64: =1401+252+448 -> 2101 | N64: =M64-F64 -> 101 | T64: =S64-Q64 -> 0 | U64: =IF(Q64>0,S64-W64,M64-W64) -> 0 | W64: 2101 | X64: =+W64-M64 -> 0 | AE64: =N64/F64 -> 0.0505 | AG64: =IF(N64<0,N64,0) -> 0 | AH64: =(S64-F64)/F64 -> -1 | AI64: =(W64-F64)/F64 -> 0.0505
B65: UTG | C65: 40675 11th | E65: White | F65: 2000 | M65: =35+508+300+1263 -> 2106 | N65: =M65-F65 -> 106 | T65: =S65-Q65 -> 0 | U65: =IF(Q65>0,S65-W65,M65-W65) -> 40 | W65: =1223+843 -> 2066 | X65: =+W65-M65 -> -40 | AE65: =N65/F65 -> 0.053 | AG65: =IF(N65<0,N65,0) -> 0 | AH65: =(S65-F65)/F65 -> -1 | AI65: =(W65-F65)/F65 -> 0.033
B66: UTG | C66: 40675 11th | E66: Dk Grey Melange | F66: 2000 | M66: =40+637+1405 -> 2082 | N66: =M66-F66 -> 82 | T66: =S66-Q66 -> 0 | U66: =IF(Q66>0,S66-W66,M66-W66) -> 0 | W66: 2082 | X66: =+W66-M66 -> 0 | AE66: =N66/F66 -> 0.041 | AG66: =IF(N66<0,N66,0) -> 0 | AH66: =(S66-F66)/F66 -> -1 | AI66: =(W66-F66)/F66 -> 0.041
A67: Sub Total | B67: UTG | F67: =SUM(F64:F66) -> 6000 | J67: S2 | K67: 19.09.26 | L67: =SUM(L64:L66) -> 0 | M67: =SUM(M64:M66) -> 6289 | N67: =SUMIF(N64:N66,"<0") -> 0 | P67: =SUM(P64:P66) -> 0 | Q67: =SUM(Q64:Q66) -> 0 | R67: =SUM(R64:R66) -> 0 | S67: =SUM(S64:S66) -> 0 | T67: =SUM(T64:T66) -> 0 | U67: =IF(Q67>0,S67-W67,M67-W67) -> 40 | V67: =SUM(V64:V66) -> 0 | W67: =SUM(W64:W66) -> 6249 | X67: =SUM(X64:X66) -> -40 | AE67: =N67/F67 -> 0 | AG67: =IF(N67<0,N67,0) -> 0 | AH67: =(S67-F67)/F67 -> -1 | AI67: =(W67-F67)/F67 -> 0.0415
B68: UTG | C68: 44587 10th | D68: BAD2548 | E68: Nomad | F68: 800 | M68: =73+162+608 -> 843 | N68: =M68-F68 -> 43 | T68: =S68-Q68 -> 0 | U68: =IF(Q68>0,S68-W68,M68-W68) -> 0 | W68: 843 | X68: =+W68-M68 -> 0 | AE68: =N68/F68 -> 0.05375 | AG68: =IF(N68<0,N68,0) -> 0 | AH68: =(S68-F68)/F68 -> -1 | AI68: =(W68-F68)/F68 -> 0.05375
B69: UTG | C69: 44587 10th | E69: Marron | F69: 800 | M69: =73+770 -> 843 | N69: =M69-F69 -> 43 | T69: =S69-Q69 -> 0 | U69: =IF(Q69>0,S69-W69,M69-W69) -> 0 | W69: 843 | X69: =+W69-M69 -> 0 | AE69: =N69/F69 -> 0.05375 | AG69: =IF(N69<0,N69,0) -> 0 | AH69: =(S69-F69)/F69 -> -1 | AI69: =(W69-F69)/F69 -> 0.05375
B70: UTG | C70: 44587 10th | E70: Tradewinds | F70: 800 | M70: =73+770 -> 843 | N70: =M70-F70 -> 43 | T70: =S70-Q70 -> 0 | U70: =IF(Q70>0,S70-W70,M70-W70) -> 0 | W70: 843 | X70: =+W70-M70 -> 0 | AE70: =N70/F70 -> 0.05375 | AG70: =IF(N70<0,N70,0) -> 0 | AH70: =(S70-F70)/F70 -> -1 | AI70: =(W70-F70)/F70 -> 0.05375
A71: Sub Total | B71: UTG | F71: =SUM(F68:F70) -> 2400 | J71: S1 | K71: 19.09.26 | L71: =SUM(L68:L70) -> 0 | M71: =SUM(M68:M70) -> 2529 | N71: =SUMIF(N68:N70,"<0") -> 0 | P71: =SUM(P68:P70) -> 0 | Q71: =SUM(Q68:Q70) -> 0 | R71: =SUM(R68:R70) -> 0 | S71: =SUM(S68:S70) -> 0 | T71: =SUM(T68:T70) -> 0 | U71: =IF(Q71>0,S71-W71,M71-W71) -> 0 | V71: =SUM(V68:V70) -> 0 | W71: =SUM(W68:W70) -> 2529 | X71: =SUM(X68:X70) -> 0 | AE71: =N71/F71 -> 0 | AG71: =IF(N71<0,N71,0) -> 0 | AH71: =(S71-F71)/F71 -> -1 | AI71: =(W71-F71)/F71 -> 0.05375
B72: UTG | C72: 46703 2nd | D72: BAD3165 | E72: Black | F72: 1000 | M72: =893+21+131 -> 1045 | N72: =M72-F72 -> 45 | T72: =S72-Q72 -> 0 | U72: =IF(Q72>0,S72-W72,M72-W72) -> 4 | W72: =910+131 -> 1041 | X72: =+W72-M72 -> -4 | AE72: =N72/F72 -> 0.045 | AG72: =IF(N72<0,N72,0) -> 0 | AH72: =(S72-F72)/F72 -> -1 | AI72: =(W72-F72)/F72 -> 0.041
A73: Sub Total | B73: UTG | F73: =SUM(F72:F72) -> 1000 | J73: S2 | K73: 15.08.26 | L73: =SUM(L72:L72) -> 0 | M73: =SUM(M72:M72) -> 1045 | N73: =SUMIF(N72:N72,"<0") -> 0 | P73: =SUM(P72:P72) -> 0 | Q73: =SUM(Q72:Q72) -> 0 | R73: =SUM(R72:R72) -> 0 | S73: =SUM(S72:S72) -> 0 | T73: =SUM(T72:T72) -> 0 | U73: =IF(Q73>0,S73-W73,M73-W73) -> 4 | V73: =SUM(V72:V72) -> 0 | W73: =SUM(W72:W72) -> 1041 | X73: =SUM(X72:X72) -> -4 | AE73: =N73/F73 -> 0 | AG73: =IF(N73<0,N73,0) -> 0 | AH73: =(S73-F73)/F73 -> -1 | AI73: =(W73-F73)/F73 -> 0.041
B74: UTG | C74: 41712 15th | D74: BAD2323 | E74: Black | F74: 1000 | M74: =688+354 -> 1042 | N74: =M74-F74 -> 42 | T74: =S74-Q74 -> 0 | U74: =IF(Q74>0,S74-W74,M74-W74) -> 1042 | X74: =+W74-M74 -> -1042 | AE74: =N74/F74 -> 0.042 | AG74: =IF(N74<0,N74,0) -> 0 | AH74: =(S74-F74)/F74 -> -1 | AI74: =(W74-F74)/F74 -> -1
B75: UTG | C75: 41712 15th | E75: Dk Grey Melange | F75: 1000 | M75: =688+354 -> 1042 | N75: =M75-F75 -> 42 | T75: =S75-Q75 -> 0 | U75: =IF(Q75>0,S75-W75,M75-W75) -> 1042 | X75: =+W75-M75 -> -1042 | AE75: =N75/F75 -> 0.042 | AG75: =IF(N75<0,N75,0) -> 0 | AH75: =(S75-F75)/F75 -> -1 | AI75: =(W75-F75)/F75 -> -1
B76: UTG | C76: 41712 15th | E76: Beige Melange | F76: 1000 | N76: =M76-F76 -> -1000 | T76: =S76-Q76 -> 0 | U76: =IF(Q76>0,S76-W76,M76-W76) -> 0 | X76: =+W76-M76 -> 0 | AE76: =N76/F76 -> -1 | AG76: =IF(N76<0,N76,0) -> -1000 | AH76: =(S76-F76)/F76 -> -1 | AI76: =(W76-F76)/F76 -> -1
A77: Sub Total | B77: UTG | F77: =SUM(F74:F76) -> 3000 | J77: S2 | K77: 17.10.26 | L77: =SUM(L74:L76) -> 0 | M77: =SUM(M74:M76) -> 2084 | N77: =SUM(N74:N76) -> -916 | P77: =SUM(P74:P76) -> 0 | Q77: =SUM(Q74:Q76) -> 0 | R77: =SUM(R74:R76) -> 0 | S77: =SUM(S74:S76) -> 0 | T77: =SUM(T74:T76) -> 0 | U77: =IF(Q77>0,S77-W77,M77-W77) -> 2084 | V77: =SUM(V74:V76) -> 0 | W77: =SUM(W74:W76) -> 0 | X77: =SUM(X74:X76) -> -2084 | AE77: =N77/F77 -> -0.30533333 | AG77: =IF(N77<0,N77,0) -> -916 | AH77: =(S77-F77)/F77 -> -1 | AI77: =(W77-F77)/F77 -> -1
B78: UTG | C78: 41712 16th | D78: BAD2323 | E78: Black | F78: 1200 | N78: =M78-F78 -> -1200 | T78: =S78-Q78 -> 0 | U78: =IF(Q78>0,S78-W78,M78-W78) -> 0 | X78: =+W78-M78 -> 0 | AE78: =N78/F78 -> -1 | AG78: =IF(N78<0,N78,0) -> -1200 | AH78: =(S78-F78)/F78 -> -1 | AI78: =(W78-F78)/F78 -> -1
B79: UTG | C79: 41712 16th | E79: Navy Blazer | F79: 1200 | N79: =M79-F79 -> -1200 | T79: =S79-Q79 -> 0 | U79: =IF(Q79>0,S79-W79,M79-W79) -> 0 | X79: =+W79-M79 -> 0 | AE79: =N79/F79 -> -1 | AG79: =IF(N79<0,N79,0) -> -1200 | AH79: =(S79-F79)/F79 -> -1 | AI79: =(W79-F79)/F79 -> -1
B80: UTG | C80: 41712 16th | E80: Winetasting | F80: 1200 | N80: =M80-F80 -> -1200 | T80: =S80-Q80 -> 0 | U80: =IF(Q80>0,S80-W80,M80-W80) -> 0 | X80: =+W80-M80 -> 0 | AE80: =N80/F80 -> -1 | AG80: =IF(N80<0,N80,0) -> -1200 | AH80: =(S80-F80)/F80 -> -1 | AI80: =(W80-F80)/F80 -> -1
A81: Sub Total | B81: UTG | F81: =SUM(F78:F80) -> 3600 | J81: S2 | K81: 26.09.26 | L81: =SUM(L78:L80) -> 0 | M81: =SUM(M78:M80) -> 0 | N81: =SUM(N78:N80) -> -3600 | P81: =SUM(P78:P80) -> 0 | Q81: =SUM(Q78:Q80) -> 0 | R81: =SUM(R78:R80) -> 0 | S81: =SUM(S78:S80) -> 0 | T81: =SUM(T78:T80) -> 0 | U81: =IF(Q81>0,S81-W81,M81-W81) -> 0 | V81: =SUM(V78:V80) -> 0 | W81: =SUM(W78:W80) -> 0 | X81: =SUM(X78:X80) -> 0 | AE81: =N81/F81 -> -1 | AG81: =IF(N81<0,N81,0) -> -3600 | AH81: =(S81-F81)/F81 -> -1 | AI81: =(W81-F81)/F81 -> -1
B82: UTG | C82: 44281 2nd | D82: BAD2913 | E82: Black | F82: 400 | M82: 424 | N82: =M82-F82 -> 24 | T82: =S82-Q82 -> 0 | U82: =IF(Q82>0,S82-W82,M82-W82) -> 4 | W82: 420 | X82: =+W82-M82 -> -4 | AE82: =N82/F82 -> 0.06 | AG82: =IF(N82<0,N82,0) -> 0 | AH82: =(S82-F82)/F82 -> -1 | AI82: =(W82-F82)/F82 -> 0.05
A83: Sub Total | B83: UTG | F83: =SUM(F82:F82) -> 400 | J83: S1 | K83: 22.08.26 | L83: =SUM(L82:L82) -> 0 | M83: =SUM(M82:M82) -> 424 | N83: =SUMIF(N82:N82,"<0") -> 0 | P83: =SUM(P82:P82) -> 0 | Q83: =SUM(Q82:Q82) -> 0 | R83: =SUM(R82:R82) -> 0 | S83: =SUM(S82:S82) -> 0 | T83: =SUM(T82:T82) -> 0 | U83: =IF(Q83>0,S83-W83,M83-W83) -> 4 | V83: =SUM(V82:V82) -> 0 | W83: =SUM(W82:W82) -> 420 | X83: =SUM(X82:X82) -> -4 | AE83: =N83/F83 -> 0 | AG83: =IF(N83<0,N83,0) -> 0 | AH83: =(S83-F83)/F83 -> -1 | AI83: =(W83-F83)/F83 -> 0.05
B84: UTG | C84: 30703 12th | D84: BAD2640 | E84: Black | F84: 2500 | M84: =1200+1342 -> 2542 | N84: =M84-F84 -> 42 | T84: =S84-Q84 -> 0 | U84: =IF(Q84>0,S84-W84,M84-W84) -> 0 | W84: 2542 | X84: =+W84-M84 -> 0 | AE84: =N84/F84 -> 0.0168 | AG84: =IF(N84<0,N84,0) -> 0 | AH84: =(S84-F84)/F84 -> -1 | AI84: =(W84-F84)/F84 -> 0.0168
A85: Sub Total | B85: UTG | F85: =SUM(F84:F84) -> 2500 | J85: S3 | K85: 29.08.26 | L85: =SUM(L84:L84) -> 0 | M85: =SUM(M84:M84) -> 2542 | N85: =SUMIF(N84:N84,"<0") -> 0 | P85: =SUM(P84:P84) -> 0 | Q85: =SUM(Q84:Q84) -> 0 | R85: =SUM(R84:R84) -> 0 | S85: =SUM(S84:S84) -> 0 | T85: =SUM(T84:T84) -> 0 | U85: =IF(Q85>0,S85-W85,M85-W85) -> 0 | V85: =SUM(V84:V84) -> 0 | W85: =SUM(W84:W84) -> 2542 | X85: =SUM(X84:X84) -> 0 | AE85: =N85/F85 -> 0 | AG85: =IF(N85<0,N85,0) -> 0 | AH85: =(S85-F85)/F85 -> -1 | AI85: =(W85-F85)/F85 -> 0.0168
B86: UTG | C86: 47875 2nd | D86: BAD3224 | E86: Zinfandel | F86: 1000 | M86: =269+781 -> 1050 | N86: =M86-F86 -> 50 | T86: =S86-Q86 -> 0 | U86: =IF(Q86>0,S86-W86,M86-W86) -> 0 | W86: 1050 | X86: =+W86-M86 -> 0 | AE86: =N86/F86 -> 0.05 | AG86: =IF(N86<0,N86,0) -> 0 | AH86: =(S86-F86)/F86 -> -1 | AI86: =(W86-F86)/F86 -> 0.05
A87: Sub Total | B87: UTG | F87: =SUM(F86:F86) -> 1000 | J87: S3 | K87: 15.08.26 | L87: =SUM(L86:L86) -> 0 | M87: =SUM(M86:M86) -> 1050 | N87: =SUMIF(N86:N86,"<0") -> 0 | P87: =SUM(P86:P86) -> 0 | Q87: =SUM(Q86:Q86) -> 0 | R87: =SUM(R86:R86) -> 0 | S87: =SUM(S86:S86) -> 0 | T87: =SUM(T86:T86) -> 0 | U87: =IF(Q87>0,S87-W87,M87-W87) -> 0 | V87: =SUM(V86:V86) -> 0 | W87: =SUM(W86:W86) -> 1050 | X87: =SUM(X86:X86) -> 0 | AE87: =N87/F87 -> 0 | AG87: =IF(N87<0,N87,0) -> 0 | AH87: =(S87-F87)/F87 -> -1 | AI87: =(W87-F87)/F87 -> 0.05
B88: UTG | C88: 40672 6th | D88: BAD0934 | E88: White | F88: 800 | M88: =818+32 -> 850 | N88: =M88-F88 -> 50 | T88: =S88-Q88 -> 0 | U88: =IF(Q88>0,S88-W88,M88-W88) -> 0 | W88: 850 | X88: =+W88-M88 -> 0 | AE88: =N88/F88 -> 0.0625 | AG88: =IF(N88<0,N88,0) -> 0 | AH88: =(S88-F88)/F88 -> -1 | AI88: =(W88-F88)/F88 -> 0.0625
A89: Sub Total | B89: UTG | F89: =SUM(F88:F88) -> 800 | J89: S1 | K89: 15.08.26 | L89: =SUM(L88:L88) -> 0 | M89: =SUM(M88:M88) -> 850 | N89: =SUMIF(N88:N88,"<0") -> 0 | P89: =SUM(P88:P88) -> 0 | Q89: =SUM(Q88:Q88) -> 0 | R89: =SUM(R88:R88) -> 0 | S89: =SUM(S88:S88) -> 0 | T89: =SUM(T88:T88) -> 0 | U89: =IF(Q89>0,S89-W89,M89-W89) -> 0 | V89: =SUM(V88:V88) -> 0 | W89: =SUM(W88:W88) -> 850 | X89: =SUM(X88:X88) -> 0 | AE89: =N89/F89 -> 0 | AG89: =IF(N89<0,N89,0) -> 0 | AH89: =(S89-F89)/F89 -> -1 | AI89: =(W89-F89)/F89 -> 0.0625
B90: UTG | C90: 40672 7th | D90: BAD0934 | E90: Black | F90: 1000 | M90: 1031 | N90: =M90-F90 -> 31 | T90: =S90-Q90 -> 0 | U90: =IF(Q90>0,S90-W90,M90-W90) -> 0 | W90: 1031 | X90: =+W90-M90 -> 0 | AE90: =N90/F90 -> 0.031 | AG90: =IF(N90<0,N90,0) -> 0 | AH90: =(S90-F90)/F90 -> -1 | AI90: =(W90-F90)/F90 -> 0.031
B91: UTG | C91: 40672 7th | E91: White | F91: 2000 | M91: =945+1092 -> 2037 | N91: =M91-F91 -> 37 | T91: =S91-Q91 -> 0 | U91: =IF(Q91>0,S91-W91,M91-W91) -> 0 | W91: 2037 | X91: =+W91-M91 -> 0 | AE91: =N91/F91 -> 0.0185 | AG91: =IF(N91<0,N91,0) -> 0 | AH91: =(S91-F91)/F91 -> -1 | AI91: =(W91-F91)/F91 -> 0.0185
A92: Sub Total | B92: UTG | F92: =SUM(F90:F91) -> 3000 | J92: S1 | K92: 19.09.26 | L92: =SUM(L90:L91) -> 0 | M92: =SUM(M90:M91) -> 3068 | N92: =SUM(N90:N91) -> 68 | P92: =SUM(P90:P91) -> 0 | Q92: =SUM(Q90:Q91) -> 0 | R92: =SUM(R90:R91) -> 0 | S92: =SUM(S90:S91) -> 0 | T92: =SUM(T90:T91) -> 0 | U92: =IF(Q92>0,S92-W92,M92-W92) -> 0 | V92: =SUM(V90:V91) -> 0 | W92: =SUM(W90:W91) -> 3068 | X92: =SUM(X90:X91) -> 0 | AE92: =N92/F92 -> 0.022666667 | AG92: =IF(N92<0,N92,0) -> 0 | AH92: =(S92-F92)/F92 -> -1 | AI92: =(W92-F92)/F92 -> 0.022666667
B93: UTG | C93: 47887 | D93: BAD3242 | E93: Chocolate Brown+Chambray Blue | F93: 600 | M93: 640 | N93: =M93-F93 -> 40 | T93: =S93-Q93 -> 0 | U93: =IF(Q93>0,S93-W93,M93-W93) -> 3 | W93: 637 | X93: =+W93-M93 -> -3 | AE93: =N93/F93 -> 0.066666667 | AG93: =IF(N93<0,N93,0) -> 0 | AH93: =(S93-F93)/F93 -> -1 | AI93: =(W93-F93)/F93 -> 0.061666667
A94: Sub Total | B94: UTG | F94: =SUM(F93:F93) -> 600 | J94: S2 | K94: 22.08.26 | L94: =SUM(L93:L93) -> 0 | M94: =SUM(M93:M93) -> 640 | N94: =SUMIF(N93:N93,"<0") -> 0 | P94: =SUM(P93:P93) -> 0 | Q94: =SUM(Q93:Q93) -> 0 | R94: =SUM(R93:R93) -> 0 | S94: =SUM(S93:S93) -> 0 | T94: =SUM(T93:T93) -> 0 | U94: =IF(Q94>0,S94-W94,M94-W94) -> 3 | V94: =SUM(V93:V93) -> 0 | W94: =SUM(W93:W93) -> 637 | X94: =SUM(X93:X93) -> -3 | AE94: =N94/F94 -> 0 | AG94: =IF(N94<0,N94,0) -> 0 | AH94: =(S94-F94)/F94 -> -1 | AI94: =(W94-F94)/F94 -> 0.061666667
B95: UTG | C95: 46615 8th | D95: BAD1318 | E95: Black Aop | F95: 2500 | N95: =M95-F95 -> -2500 | T95: =S95-Q95 -> 0 | U95: =IF(Q95>0,S95-W95,M95-W95) -> 0 | X95: =+W95-M95 -> 0 | AE95: =N95/F95 -> -1 | AG95: =IF(N95<0,N95,0) -> -2500 | AH95: =(S95-F95)/F95 -> -1 | AI95: =(W95-F95)/F95 -> -1
B96: UTG | C96: 46615 8th | E96: RFD Aop | F96: 800 | N96: =M96-F96 -> -800 | T96: =S96-Q96 -> 0 | U96: =IF(Q96>0,S96-W96,M96-W96) -> 0 | X96: =+W96-M96 -> 0 | AE96: =N96/F96 -> -1 | AG96: =IF(N96<0,N96,0) -> -800 | AH96: =(S96-F96)/F96 -> -1 | AI96: =(W96-F96)/F96 -> -1
A97: Sub Total | B97: UTG | F97: =SUM(F95:F96) -> 3300 | J97: S1 | K97: 03.10.26 | L97: =SUM(L95:L96) -> 0 | M97: =SUM(M95:M96) -> 0 | N97: =SUMIF(N95:N96,"<0") -> -3300 | P97: =SUM(P95:P96) -> 0 | Q97: =SUM(Q95:Q96) -> 0 | R97: =SUM(R95:R96) -> 0 | S97: =SUM(S95:S96) -> 0 | T97: =SUM(T95:T96) -> 0 | U97: =IF(Q97>0,S97-W97,M97-W97) -> 0 | V97: =SUM(V95:V96) -> 0 | W97: =SUM(W95:W96) -> 0 | X97: =SUM(X95:X96) -> 0 | AE97: =N97/F97 -> -1 | AG97: =IF(N97<0,N97,0) -> -3300 | AH97: =(S97-F97)/F97 -> -1 | AI97: =(W97-F97)/F97 -> -1
B98: UTG | C98: 46615 9th | D98: BAD1318 | E98: Black Aop | F98: 4500 | N98: =M98-F98 -> -4500 | T98: =S98-Q98 -> 0 | U98: =IF(Q98>0,S98-W98,M98-W98) -> 0 | X98: =+W98-M98 -> 0 | AE98: =N98/F98 -> -1 | AG98: =IF(N98<0,N98,0) -> -4500 | AH98: =(S98-F98)/F98 -> -1 | AI98: =(W98-F98)/F98 -> -1
B99: UTG | C99: 46615 9th | E99: Black | F99: 2500 | N99: =M99-F99 -> -2500 | T99: =S99-Q99 -> 0 | U99: =IF(Q99>0,S99-W99,M99-W99) -> 0 | X99: =+W99-M99 -> 0 | AE99: =N99/F99 -> -1 | AG99: =IF(N99<0,N99,0) -> -2500 | AH99: =(S99-F99)/F99 -> -1 | AI99: =(W99-F99)/F99 -> -1
A100: Sub Total | B100: UTG | F100: =SUM(F98:F99) -> 7000 | J100: S1 | K100: 14.11.26 | L100: =SUM(L98:L99) -> 0 | M100: =SUM(M98:M99) -> 0 | N100: =SUMIF(N98:N99,"<0") -> -7000 | P100: =SUM(P98:P99) -> 0 | Q100: =SUM(Q98:Q99) -> 0 | R100: =SUM(R98:R99) -> 0 | S100: =SUM(S98:S99) -> 0 | T100: =SUM(T98:T99) -> 0 | U100: =IF(Q100>0,S100-W100,M100-W100) -> 0 | V100: =SUM(V98:V99) -> 0 | W100: =SUM(W98:W99) -> 0 | X100: =SUM(X98:X99) -> 0 | AE100: =N100/F100 -> -1 | AG100: =IF(N100<0,N100,0) -> -7000 | AH100: =(S100-F100)/F100 -> -1 | AI100: =(W100-F100)/F100 -> -1
...

Sheet Tracking Sheet
B2: Job NO: | C2: Cutting Qty | D2: Print Sent | E2: Print Recv | F2: Ready for input | G2: Sewing Input | H2: Order Qty | I2: Today Input | J2: Cut Bal
B3: ='Production '!C6 -> 48553 | C3: =SUMIF('Production '!$C$4:$AI$4407,'Tracking Sheet'!B3,'Production '!$M$4:$M$4407) -> 0 | D3: =SUMIF('Production '!$C$4:$AI$4407,'Tracking Sheet'!B3,'Production '!$Q$4:$Q$4407) -> 0 | E3: =SUMIF('Production '!$C$4:$AI$4407,'Tracking Sheet'!B3,'Production '!$S$4:$S$4407) -> 0 | F3: =SUMIF('Production '!$C$4:$AI$4407,'Tracking Sheet'!B3,'Production '!$U$4:$U$4407) -> 0 | G3: =SUMIF('Production '!$C$4:$AI$4407,'Tracking Sheet'!B3,'Production '!$W$4:$W$4407) -> 0 | H3: =SUMIF('Production '!$C$4:$AI$4407,'Tracking Sheet'!B3,'Production '!$F$4:$F$4407) -> 2000 | I3: =SUMIF('Production '!$C$4:$AI$4407,'Tracking Sheet'!B3,'Production '!$V$4:$V$4407) -> 0 | J3: =SUMIF('Production '!$C$4:$AI$4407,'Tracking Sheet'!B3,'Production '!$AG$4:$AG$4407) -> -2000
B4: ='Production '!C7 -> 48553 | C4: =SUMIF('Production '!$C$4:$AI$4407,'Tracking Sheet'!B4,'Production '!$M$4:$M$4407) -> 0 | D4: =SUMIF('Production '!$C$4:$AI$4407,'Tracking Sheet'!B4,'Production '!$Q$4:$Q$4407) -> 0 | E4: =SUMIF('Production '!$C$4:$AI$4407,'Tracking Sheet'!B4,'Production '!$S$4:$S$4407) -> 0 | F4: =SUMIF('Production '!$C$4:$AI$4407,'Tracking Sheet'!B4,'Production '!$U$4:$U$4407) -> 0 | G4: =SUMIF('Production '!$C$4:$AI$4407,'Tracking Sheet'!B4,'Production '!$W$4:$W$4407) -> 0 | H4: =SUMIF('Production '!$C$4:$AI$4407,'Tracking Sheet'!B4,'Production '!$F$4:$F$4407) -> 2000 | I4: =SUMIF('Production '!$C$4:$AI$4407,'Tracking Sheet'!B4,'Production '!$V$4:$V$4407) -> 0 | J4: =SUMIF('Production '!$C$4:$AI$4407,'Tracking Sheet'!B4,'Production '!$AG$4:$AG$4407) -> -2000
B5: ='Production '!C8 -> 0 | C5: =SUMIF('Production '!$C$4:$AI$4407,'Tracking Sheet'!B5,'Production '!$M$4:$M$4407) -> #DIV/0! | D5: =SUMIF('Production '!$C$4:$AI$4407,'Tracking Sheet'!B5,'Production '!$Q$4:$Q$4407) -> #DIV/0! | E5: =SUMIF('Production '!$C$4:$AI$4407,'Tracking Sheet'!B5,'Production '!$S$4:$S$4407) -> -1268219 | F5: =SUMIF('Production '!$C$4:$AI$4407,'Tracking Sheet'!B5,'Production '!$U$4:$U$4407) -> -10620.436 | G5: =SUMIF('Production '!$C$4:$AI$4407,'Tracking Sheet'!B5,'Production '!$W$4:$W$4407) -> #DIV/0! | H5: =SUMIF('Production '!$C$4:$AI$4407,'Tracking Sheet'!B5,'Production '!$F$4:$F$4407) -> 3230621.3 | I5: =SUMIF('Production '!$C$4:$AI$4407,'Tracking Sheet'!B5,'Production '!$V$4:$V$4407) -> -489.86488 | J5: =SUMIF('Production '!$C$4:$AI$4407,'Tracking Sheet'!B5,'Production '!$AG$4:$AG$4407) -> 0
B6: ='Production '!C9 -> 48551 1st | C6: =SUMIF('Production '!$C$4:$AI$4407,'Tracking Sheet'!B6,'Production '!$M$4:$M$4407) -> 0 | D6: =SUMIF('Production '!$C$4:$AI$4407,'Tracking Sheet'!B6,'Production '!$Q$4:$Q$4407) -> 0 | E6: =SUMIF('Production '!$C$4:$AI$4407,'Tracking Sheet'!B6,'Production '!$S$4:$S$4407) -> 0 | F6: =SUMIF('Production '!$C$4:$AI$4407,'Tracking Sheet'!B6,'Production '!$U$4:$U$4407) -> 0 | G6: =SUMIF('Production '!$C$4:$AI$4407,'Tracking Sheet'!B6,'Production '!$W$4:$W$4407) -> 0 | H6: =SUMIF('Production '!$C$4:$AI$4407,'Tracking Sheet'!B6,'Production '!$F$4:$F$4407) -> 5350 | I6: =SUMIF('Production '!$C$4:$AI$4407,'Tracking Sheet'!B6,'Production '!$V$4:$V$4407) -> 0 | J6: =SUMIF('Production '!$C$4:$AI$4407,'Tracking Sheet'!B6,'Production '!$AG$4:$AG$4407) -> -5350
B7: ='Production '!C10 -> 0 | C7: =SUMIF('Production '!$C$4:$AI$4407,'Tracking Sheet'!B7,'Production '!$M$4:$M$4407) -> #DIV/0! | D7: =SUMIF('Production '!$C$4:$AI$4407,'Tracking Sheet'!B7,'Production '!$Q$4:$Q$4407) -> #DIV/0! | E7: =SUMIF('Production '!$C$4:$AI$4407,'Tracking Sheet'!B7,'Production '!$S$4:$S$4407) -> -1268219 | F7: =SUMIF('Production '!$C$4:$AI$4407,'Tracking Sheet'!B7,'Production '!$U$4:$U$4407) -> -10620.436 | G7: =SUMIF('Production '!$C$4:$AI$4407,'Tracking Sheet'!B7,'Production '!$W$4:$W$4407) -> #DIV/0! | H7: =SUMIF('Production '!$C$4:$AI$4407,'Tracking Sheet'!B7,'Production '!$F$4:$F$4407) -> 3230621.3 | I7: =SUMIF('Production '!$C$4:$AI$4407,'Tracking Sheet'!B7,'Production '!$V$4:$V$4407) -> -489.86488 | J7: =SUMIF('Production '!$C$4:$AI$4407,'Tracking Sheet'!B7,'Production '!$AG$4:$AG$4407) -> 0
B8: ='Production '!C11 -> 0 | C8: =SUMIF('Production '!$C$4:$AI$4407,'Tracking Sheet'!B8,'Production '!$M$4:$M$4407) -> #DIV/0! | D8: =SUMIF('Production '!$C$4:$AI$4407,'Tracking Sheet'!B8,'Production '!$Q$4:$Q$4407) -> #DIV/0! | E8: =SUMIF('Production '!$C$4:$AI$4407,'Tracking Sheet'!B8,'Production '!$S$4:$S$4407) -> -1268219 | F8: =SUMIF('Production '!$C$4:$AI$4407,'Tracking Sheet'!B8,'Production '!$U$4:$U$4407) -> -10620.436 | G8: =SUMIF('Production '!$C$4:$AI$4407,'Tracking Sheet'!B8,'Production '!$W$4:$W$4407) -> #DIV/0! | H8: =SUMIF('Production '!$C$4:$AI$4407,'Tracking Sheet'!B8,'Production '!$F$4:$F$4407) -> 3230621.3 | I8: =SUMIF('Production '!$C$4:$AI$4407,'Tracking Sheet'!B8,'Production '!$V$4:$V$4407) -> -489.86488 | J8: =SUMIF('Production '!$C$4:$AI$4407,'Tracking Sheet'!B8,'Production '!$AG$4:$AG$4407) -> 0
B9: ='Production '!C12 -> 46594 | C9: =SUMIF('Production '!$C$4:$AI$4407,'Tracking Sheet'!B9,'Production '!$M$4:$M$4407) -> 9435 | D9: =SUMIF('Production '!$C$4:$AI$4407,'Tracking Sheet'!B9,'Production '!$Q$4:$Q$4407) -> 0 | E9: =SUMIF('Production '!$C$4:$AI$4407,'Tracking Sheet'!B9,'Production '!$S$4:$S$4407) -> 0 | F9: =SUMIF('Production '!$C$4:$AI$4407,'Tracking Sheet'!B9,'Production '!$U$4:$U$4407) -> 67 | G9: =SUMIF('Production '!$C$4:$AI$4407,'Tracking Sheet'!B9,'Production '!$W$4:$W$4407) -> 9368 | H9: =SUMIF('Production '!$C$4:$AI$4407,'Tracking Sheet'!B9,'Production '!$F$4:$F$4407) -> 9122 | I9: =SUMIF('Production '!$C$4:$AI$4407,'Tracking Sheet'!B9,'Production '!$V$4:$V$4407) -> 0 | J9: =SUMIF('Production '!$C$4:$AI$4407,'Tracking Sheet'!B9,'Production '!$AG$4:$AG$4407) -> 0
B10: ='Production '!C13 -> 46594 | C10: =SUMIF('Production '!$C$4:$AI$4407,'Tracking Sheet'!B10,'Production '!$M$4:$M$4407) -> 9435 | D10: =SUMIF('Production '!$C$4:$AI$4407,'Tracking Sheet'!B10,'Production '!$Q$4:$Q$4407) -> 0 | E10: =SUMIF('Production '!$C$4:$AI$4407,'Tracking Sheet'!B10,'Production '!$S$4:$S$4407) -> 0 | F10: =SUMIF('Production '!$C$4:$AI$4407,'Tracking Sheet'!B10,'Production '!$U$4:$U$4407) -> 67 | G10: =SUMIF('Production '!$C$4:$AI$4407,'Tracking Sheet'!B10,'Production '!$W$4:$W$4407) -> 9368 | H10: =SUMIF('Production '!$C$4:$AI$4407,'Tracking Sheet'!B10,'Production '!$F$4:$F$4407) -> 9122 | I10: =SUMIF('Production '!$C$4:$AI$4407,'Tracking Sheet'!B10,'Production '!$V$4:$V$4407) -> 0 | J10: =SUMIF('Production '!$C$4:$AI$4407,'Tracking Sheet'!B10,'Production '!$AG$4:$AG$4407) -> 0
B11: ='Production '!C14 -> 46594 | C11: =SUMIF('Production '!$C$4:$AI$4407,'Tracking Sheet'!B11,'Production '!$M$4:$M$4407) -> 9435 | D11: =SUMIF('Production '!$C$4:$AI$4407,'Tracking Sheet'!B11,'Production '!$Q$4:$Q$4407) -> 0 | E11: =SUMIF('Production '!$C$4:$AI$4407,'Tracking Sheet'!B11,'Production '!$S$4:$S$4407) -> 0 | F11: =SUMIF('Production '!$C$4:$AI$4407,'Tracking Sheet'!B11,'Production '!$U$4:$U$4407) -> 67 | G11: =SUMIF('Production '!$C$4:$AI$4407,'Tracking Sheet'!B11,'Production '!$W$4:$W$4407) -> 9368 | H11: =SUMIF('Production '!$C$4:$AI$4407,'Tracking Sheet'!B11,'Production '!$F$4:$F$4407) -> 9122 | I11: =SUMIF('Production '!$C$4:$AI$4407,'Tracking Sheet'!B11,'Production '!$V$4:$V$4407) -> 0 | J11: =SUMIF('Production '!$C$4:$AI$4407,'Tracking Sheet'!B11,'Production '!$AG$4:$AG$4407) -> 0
B12: ='Production '!C15 -> 46594 | C12: =SUMIF('Production '!$C$4:$AI$4407,'Tracking Sheet'!B12,'Production '!$M$4:$M$4407) -> 9435 | D12: =SUMIF('Production '!$C$4:$AI$4407,'Tracking Sheet'!B12,'Production '!$Q$4:$Q$4407) -> 0 | E12: =SUMIF('Production '!$C$4:$AI$4407,'Tracking Sheet'!B12,'Production '!$S$4:$S$4407) -> 0 | F12: =SUMIF('Production '!$C$4:$AI$4407,'Tracking Sheet'!B12,'Production '!$U$4:$U$4407) -> 67 | G12: =SUMIF('Production '!$C$4:$AI$4407,'Tracking Sheet'!B12,'Production '!$W$4:$W$4407) -> 9368 | H12: =SUMIF('Production '!$C$4:$AI$4407,'Tracking Sheet'!B12,'Production '!$F$4:$F$4407) -> 9122 | I12: =SUMIF('Production '!$C$4:$AI$4407,'Tracking Sheet'!B12,'Production '!$V$4:$V$4407) -> 0 | J12: =SUMIF('Production '!$C$4:$AI$4407,'Tracking Sheet'!B12,'Production '!$AG$4:$AG$4407) -> 0
B13: ='Production '!C16 -> 0 | C13: =SUMIF('Production '!$C$4:$AI$4407,'Tracking Sheet'!B13,'Production '!$M$4:$M$4407) -> #DIV/0! | D13: =SUMIF('Production '!$C$4:$AI$4407,'Tracking Sheet'!B13,'Production '!$Q$4:$Q$4407) -> #DIV/0! | E13: =SUMIF('Production '!$C$4:$AI$4407,'Tracking Sheet'!B13,'Production '!$S$4:$S$4407) -> -1268219 | F13: =SUMIF('Production '!$C$4:$AI$4407,'Tracking Sheet'!B13,'Production '!$U$4:$U$4407) -> -10620.436 | G13: =SUMIF('Production '!$C$4:$AI$4407,'Tracking Sheet'!B13,'Production '!$W$4:$W$4407) -> #DIV/0! | H13: =SUMIF('Production '!$C$4:$AI$4407,'Tracking Sheet'!B13,'Production '!$F$4:$F$4407) -> 3230621.3 | I13: =SUMIF('Production '!$C$4:$AI$4407,'Tracking Sheet'!B13,'Production '!$V$4:$V$4407) -> -489.86488 | J13: =SUMIF('Production '!$C$4:$AI$4407,'Tracking Sheet'!B13,'Production '!$AG$4:$AG$4407) -> 0
B14: ='Production '!C17 -> 0 | C14: =SUMIF('Production '!$C$4:$AI$4407,'Tracking Sheet'!B14,'Production '!$M$4:$M$4407) -> #DIV/0! | D14: =SUMIF('Production '!$C$4:$AI$4407,'Tracking Sheet'!B14,'Production '!$Q$4:$Q$4407) -> #DIV/0! | E14: =SUMIF('Production '!$C$4:$AI$4407,'Tracking Sheet'!B14,'Production '!$S$4:$S$4407) -> -1268219 | F14: =SUMIF('Production '!$C$4:$AI$4407,'Tracking Sheet'!B14,'Production '!$U$4:$U$4407) -> -10620.436 | G14: =SUMIF('Production '!$C$4:$AI$4407,'Tracking Sheet'!B14,'Production '!$W$4:$W$4407) -> #DIV/0! | H14: =SUMIF('Production '!$C$4:$AI$4407,'Tracking Sheet'!B14,'Production '!$F$4:$F$4407) -> 3230621.3 | I14: =SUMIF('Production '!$C$4:$AI$4407,'Tracking Sheet'!B14,'Production '!$V$4:$V$4407) -> -489.86488 | J14: =SUMIF('Production '!$C$4:$AI$4407,'Tracking Sheet'!B14,'Production '!$AG$4:$AG$4407) -> 0
... B3255: ='Production '!C3258 -> 0 | C3255: =SUMIF('Production '!$C$4:$AI$4407,'Tracking Sheet'!B3255,'Production '!$M$4:$M$4407) -> #DIV/0! | D3255: =SUMIF('Production '!$C$4:$AI$4407,'Tracking Sheet'!B3255,'Production '!$Q$4:$Q$4407) -> #DIV/0! | E3255: =SUMIF('Production '!$C$4:$AI$4407,'Tracking Sheet'!B3255,'Production '!$S$4:$S$4407) -> -1268219 | F3255: =SUMIF('Production '!$C$4:$AI$4407,'Tracking Sheet'!B3255,'Production '!$U$4:$U$4407) -> -10620.436 | G3255: =SUMIF('Production '!$C$4:$AI$4407,'Tracking Sheet'!B3255,'Production '!$W$4:$W$4407) -> #DIV/0! | H3255: =SUMIF('Production '!$C$4:$AI$4407,'Tracking Sheet'!B3255,'Production '!$F$4:$F$4407) -> 3230621.3 | I3255: =SUMIF('Production '!$C$4:$AI$4407,'Tracking Sheet'!B3255,'Production '!$V$4:$V$4407) -> -489.86488 | J3255: =SUMIF('Production '!$C$4:$AI$4407,'Tracking Sheet'!B3255,'Production '!$AG$4:$AG$4407) -> 0
